,smiles,freesolv,processed_smiles
0,CN(C)C(=O)c1ccc(cc1)OC,-11.01,C N ( C ) C ( = O ) c 1 c c c ( c c 1 ) O C
1,CS(=O)(=O)Cl,-4.87,C S ( = O ) ( = O ) Cl
2,CC(C)C=C,1.83,C C ( C ) C = C
3,CCc1cnccn1,-5.45,C C c 1 c n c c n 1
4,CCCCCCCO,-4.21,C C C C C C C O
5,Cc1cc(cc(c1)O)C,-6.27,C c 1 c c ( c c ( c 1 ) O ) C
6,CC(C)C(C)C,2.34,C C ( C ) C ( C ) C
7,CCCC(C)(C)O,-3.92,C C C C ( C ) ( C ) O
8,C[C@@H]1CCCC[C@@H]1C,1.58,C [ C @ @ H ] 1 C C C C [ C @ @ H ] 1 C
9,CC[C@H](C)O,-4.62,C C [ C @ H ] ( C ) O
10,C(Br)Br,-1.96,C ( Br ) Br
11,CC[C@H](C(C)C)O,-3.88,C C [ C @ H ] ( C ( C ) C ) O
12,CCc1ccccn1,-4.33,C C c 1 c c c c n 1
13,CCCCC(=O)OCC,-2.49,C C C C C ( = O ) O C C
14,c1ccc(cc1)S,-2.55,c 1 c c c ( c c 1 ) S
15,CC(=CCC/C(=C\CO)/C)C,-4.78,C C ( = C C C / C ( = C \ C O ) / C ) C
16,c1ccc2c(c1)CCC2,-1.46,c 1 c c c 2 c ( c 1 ) C C C 2
17,CCOc1ccccc1,-2.22,C C O c 1 c c c c c 1
18,c1cc(ccc1O)Br,-5.85,c 1 c c ( c c c 1 O ) Br
19,CCCC(C)(C)C,2.88,C C C C ( C ) ( C ) C
20,CC(=O)OCCOC(=O)C,-6.34,C C ( = O ) O C C O C ( = O ) C
21,CCOP(=S)(OCC)SCSP(=S)(OCC)OCC,-6.1,C C O P ( = S ) ( O C C ) S C S P ( = S ) ( O C C ) O C C
22,C1CCCC(CC1)O,-5.48,C 1 C C C C ( C C 1 ) O
23,COC(=O)C1CC1,-4.1,C O C ( = O ) C 1 C C 1
24,c1ccc(cc1)C#N,-4.1,c 1 c c c ( c c 1 ) C # N
25,CCCCC#N,-3.52,C C C C C # N
26,CC(C)(C)O,-4.47,C C ( C ) ( C ) O
27,CC(C)C(=O)C(C)C,-2.74,C C ( C ) C ( = O ) C ( C ) C
28,CCC=O,-3.43,C C C = O
29,CN(C)C=O,-7.81,C N ( C ) C = O
30,Cc1ccc(cc1)C,-0.8,C c 1 c c c ( c c 1 ) C
31,C=CCC=C,0.93,C = C C C = C
32,Cc1cccc(c1C)Nc2ccccc2C(=O)O,-6.78,C c 1 c c c c ( c 1 C ) N c 2 c c c c c 2 C ( = O ) O
33,CN(C)C(=O)c1ccccc1,-9.29,C N ( C ) C ( = O ) c 1 c c c c c 1
34,CCNCC,-4.07,C C N C C
35,CC(C)(C)c1ccc(cc1)O,-5.91,C C ( C ) ( C ) c 1 c c c ( c c 1 ) O
36,CC(C)CCOC=O,-2.13,C C ( C ) C C O C = O
37,CCCCCCCCCCO,-3.64,C C C C C C C C C C O
38,CCC(=O)OCC,-2.68,C C C ( = O ) O C C
39,CCCCCCCCC,3.13,C C C C C C C C C
40,CC(=O)NC,-10.0,C C ( = O ) N C
41,CCCCCCCC=C,2.06,C C C C C C C C = C
42,c1ccc2cc(ccc2c1)O,-8.11,c 1 c c c 2 c c ( c c c 2 c 1 ) O
43,c1cc(c(cc1Cl)Cl)Cl,-1.12,c 1 c c ( c ( c c 1 Cl ) Cl ) Cl
44,C([C@H]([C@H]([C@@H]([C@@H](CO)O)O)O)O)O,-23.62,C ( [ C @ H ] ( [ C @ H ] ( [ C @ @ H ] ( [ C @ @ H ] ( C O ) O ) O ) O ) O ) O
45,CCCC(=O)OC,-2.83,C C C C ( = O ) O C
46,c1ccc(c(c1)C=O)O,-4.68,c 1 c c c ( c ( c 1 ) C = O ) O
47,C1CNC1,-5.56,C 1 C N C 1
48,CCCNCCC,-3.65,C C C N C C C
49,c1ccc(cc1)N,-5.49,c 1 c c c ( c c 1 ) N
50,C(F)(F)(F)F,3.12,C ( F ) ( F ) ( F ) F
51,CC[C@@H](C)CO,-4.42,C C [ C @ @ H ] ( C ) C O
52,c1ccc(c(c1)O)I,-6.2,c 1 c c c ( c ( c 1 ) O ) I
53,COc1cccc(c1O)OC,-6.96,C O c 1 c c c c ( c 1 O ) O C
54,CCC#C,-0.16,C C C # C
55,c1ccc(cc1)C(F)(F)F,-0.25,c 1 c c c ( c c 1 ) C ( F ) ( F ) F
56,NN,-9.3,N N
57,Cc1ccccn1,-4.63,C c 1 c c c c n 1
58,CCNc1nc(nc(n1)Cl)NCC,-10.22,C C N c 1 n c ( n c ( n 1 ) Cl ) N C C
59,c1ccc2c(c1)Oc3cc(c(cc3O2)Cl)Cl,-3.56,c 1 c c c 2 c ( c 1 ) O c 3 c c ( c ( c c 3 O 2 ) Cl ) Cl
60,CCCCCCCCN,-3.65,C C C C C C C C N
61,N,-4.29,N
62,c1ccc(c(c1)C(F)(F)F)C(F)(F)F,1.07,c 1 c c c ( c ( c 1 ) C ( F ) ( F ) F ) C ( F ) ( F ) F
63,COC(=O)c1ccc(cc1)O,-9.51,C O C ( = O ) c 1 c c c ( c c 1 ) O
64,CCCCCc1ccccc1,-0.23,C C C C C c 1 c c c c c 1
65,CC(F)F,-0.11,C C ( F ) F
66,c1ccc(cc1)n2c(=O)c(c(cn2)N)Cl,-16.43,c 1 c c c ( c c 1 ) n 2 c ( = O ) c ( c ( c n 2 ) N ) Cl
67,C=CC=C,0.56,C = C C = C
68,CN(C)C,-3.2,C N ( C ) C
69,CCCCCC(=O)N,-9.31,C C C C C C ( = O ) N
70,CC(C)CO[N+](=O)[O-],-1.88,C C ( C ) C O [ N+ ] ( = O ) [ O- ]
71,c1ccc2c(c1)C(=O)c3cccc(c3C2=O)NCCO,-14.21,c 1 c c c 2 c ( c 1 ) C ( = O ) c 3 c c c c ( c 3 C 2 = O ) N C C O
72,C(CO[N+](=O)[O-])O,-8.18,C ( C O [ N+ ] ( = O ) [ O- ] ) O
73,CCCCCCC(=O)C,-2.88,C C C C C C C ( = O ) C
74,CN1CCNCC1,-7.77,C N 1 C C N C C 1
75,CCN,-4.5,C C N
76,C1C=CC=CC=C1,-0.99,C 1 C = C C = C C = C 1
77,c1ccc2c(c1)Cc3ccccc3C2,-3.78,c 1 c c c 2 c ( c 1 ) C c 3 c c c c c 3 C 2
78,CC(Cl)Cl,-0.84,C C ( Cl ) Cl
79,COc1cccc(c1)O,-7.66,C O c 1 c c c c ( c 1 ) O
80,c1cc2cccc3c2c(c1)CC3,-3.15,c 1 c c 2 c c c c 3 c 2 c ( c 1 ) C C 3
81,CCCCCCCCBr,0.52,C C C C C C C C Br
82,c1ccc(cc1)CO,-6.62,c 1 c c c ( c c 1 ) C O
83,c1c(c(=O)[nH]c(=O)[nH]1)Br,-18.17,c 1 c ( c ( = O ) [ n H ] c ( = O ) [ n H ] 1 ) Br
84,CCCC,2.1,C C C C
85,CCl,-0.55,C Cl
86,CC(C)CBr,-0.03,C C ( C ) C Br
87,CC(C)SC(C)C,-1.21,C C ( C ) S C ( C ) C
88,CCCCCCC,2.67,C C C C C C C
89,c1cnc[nH]1,-9.63,c 1 c n c [ n H ] 1
90,c1cc2c(cc1Cl)Oc3cc(c(c(c3O2)Cl)Cl)Cl,-3.84,c 1 c c 2 c ( c c 1 Cl ) O c 3 c c ( c ( c ( c 3 O 2 ) Cl ) Cl ) Cl
91,CC[C@H](C)n1c(=O)c(c([nH]c1=O)C)Br,-9.73,C C [ C @ H ] ( C ) n 1 c ( = O ) c ( c ( [ n H ] c 1 = O ) C ) Br
92,C(I)I,-2.49,C ( I ) I
93,CCCN(CCC)C(=O)SCCC,-4.13,C C C N ( C C C ) C ( = O ) S C C C
94,C[N+](=O)[O-],-4.02,C [ N+ ] ( = O ) [ O- ]
95,CCOC,-2.1,C C O C
96,COC(CCl)(OC)OC,-4.59,C O C ( C Cl ) ( O C ) O C
97,CC(C)C,2.3,C C ( C ) C
98,CC(C)CC(=O)O,-6.09,C C ( C ) C C ( = O ) O
99,CCOP(=O)(OCC)O/C(=C/Cl)/c1ccc(cc1Cl)Cl,-7.07,C C O P ( = O ) ( O C C ) O / C ( = C / Cl ) / c 1 c c c ( c c 1 Cl ) Cl
100,CCCCl,-0.33,C C C Cl
101,CCCSCCC,-1.28,C C C S C C C
102,CCC[C@H](CC)O,-4.06,C C C [ C @ H ] ( C C ) O
103,CC#N,-3.88,C C # N
104,CN(CC(F)(F)F)c1ccccc1,-1.92,C N ( C C ( F ) ( F ) F ) c 1 c c c c c 1
105,[C@@H](C(F)(F)F)(OC(F)F)Cl,0.1,[ C @ @ H ] ( C ( F ) ( F ) F ) ( O C ( F ) F ) Cl
106,C=CCCC=C,1.01,C = C C C C = C
107,Cc1cccc(c1)C,-0.83,C c 1 c c c c ( c 1 ) C
108,CC(=O)OC,-3.13,C C ( = O ) O C
109,COC(c1ccccc1)(OC)OC,-4.04,C O C ( c 1 c c c c c 1 ) ( O C ) O C
110,CCOC(=O)c1ccccc1,-3.64,C C O C ( = O ) c 1 c c c c c 1
111,CCCS,-1.1,C C C S
112,CCCCCC(=O)C,-3.04,C C C C C C ( = O ) C
113,CC1(Cc2cccc(c2O1)OC(=O)NC)C,-9.61,C C 1 ( C c 2 c c c c ( c 2 O 1 ) O C ( = O ) N C ) C
114,c1ccc(cc1)CBr,-2.38,c 1 c c c ( c c 1 ) C Br
115,CCCCCC(=O)OCC,-2.23,C C C C C C ( = O ) O C C
116,CCCOC,-1.66,C C C O C
117,CN1CCOCC1,-6.32,C N 1 C C O C C 1
118,c1cc(cc(c1)O)C#N,-9.65,c 1 c c ( c c ( c 1 ) O ) C # N
119,c1cc(c(cc1c2c(c(cc(c2Cl)Cl)Cl)Cl)Cl)Cl,-4.38,c 1 c c ( c ( c c 1 c 2 c ( c ( c c ( c 2 Cl ) Cl ) Cl ) Cl ) Cl ) Cl
120,CCCc1ccccc1,-0.53,C C C c 1 c c c c c 1
121,Cn1cnc2c1c(=O)n(c(=O)n2C)C,-12.64,C n 1 c n c 2 c 1 c ( = O ) n ( c ( = O ) n 2 C ) C
122,CNC,-4.29,C N C
123,C(=C(F)F)(C(F)(F)F)F,2.93,C ( = C ( F ) F ) ( C ( F ) ( F ) F ) F
124,c1cc(ccc1O)Cl,-7.03,c 1 c c ( c c c 1 O ) Cl
125,C1CCNCC1,-5.11,C 1 C C N C C 1
126,c1ccc2c(c1)ccc3c2cccc3,-3.88,c 1 c c c 2 c ( c 1 ) c c c 3 c 2 c c c c 3
127,CI,-0.89,C I
128,COc1c(cc(c(c1O)OC)Cl)Cl,-6.44,C O c 1 c ( c c ( c ( c 1 O ) O C ) Cl ) Cl
129,C(=C/Cl)\Cl,-0.78,C ( = C / Cl ) \ Cl
130,CCCCC,2.3,C C C C C
131,CCCC#N,-3.64,C C C C # N
132,[C@@H](C(F)(F)F)(F)Br,0.5,[ C @ @ H ] ( C ( F ) ( F ) F ) ( F ) Br
133,CC(C)Cc1cnccn1,-5.04,C C ( C ) C c 1 c n c c n 1
134,CC[C@H](C)O[N+](=O)[O-],-1.82,C C [ C @ H ] ( C ) O [ N+ ] ( = O ) [ O- ]
135,c1ccc(cc1)c2cc(ccc2Cl)Cl,-2.46,c 1 c c c ( c c 1 ) c 2 c c ( c c c 2 Cl ) Cl
136,c1ccc(cc1)c2cc(c(c(c2Cl)Cl)Cl)Cl,-3.48,c 1 c c c ( c c 1 ) c 2 c c ( c ( c ( c 2 Cl ) Cl ) Cl ) Cl
137,CC[C@@H](C)C(C)C,2.52,C C [ C @ @ H ] ( C ) C ( C ) C
138,C[C@H](CC(C)C)O,-3.73,C [ C @ H ] ( C C ( C ) C ) O
139,C1CCOCC1,-3.12,C 1 C C O C C 1
140,C1CC1,0.75,C 1 C C 1
141,c1c(cc(c(c1Cl)Cl)Cl)c2cc(c(c(c2Cl)Cl)Cl)Cl,-3.17,c 1 c ( c c ( c ( c 1 Cl ) Cl ) Cl ) c 2 c c ( c ( c ( c 2 Cl ) Cl ) Cl ) Cl
142,C=C(Cl)Cl,0.25,C = C ( Cl ) Cl
143,CC(C)CO,-4.5,C C ( C ) C O
144,CCCOC(=O)CC,-2.44,C C C O C ( = O ) C C
145,C(C(Cl)(Cl)Cl)(Cl)(Cl)Cl,-0.64,C ( C ( Cl ) ( Cl ) Cl ) ( Cl ) ( Cl ) Cl
146,CSc1ccccc1,-2.73,C S c 1 c c c c c 1
147,CCc1ccccc1O,-5.66,C C c 1 c c c c c 1 O
148,CC(C)(C)Cl,1.09,C C ( C ) ( C ) Cl
149,CC(=C)C=C,0.68,C C ( = C ) C = C
150,Cc1ccc(cc1)C(C)C,-0.68,C c 1 c c c ( c c 1 ) C ( C ) C
151,Cn1ccnc1,-8.41,C n 1 c c n c 1
152,C(CO)O,-9.3,C ( C O ) O
153,c1ccc(c(c1)Cl)Cl,-1.36,c 1 c c c ( c ( c 1 ) Cl ) Cl
154,c1c(=O)[nH]c(=O)[nH]c1Cl,-15.83,c 1 c ( = O ) [ n H ] c ( = O ) [ n H ] c 1 Cl
155,CCCOC=O,-2.48,C C C O C = O
156,c1ccc2c(c1)Oc3ccc(cc3O2)Cl,-3.1,c 1 c c c 2 c ( c 1 ) O c 3 c c c ( c c 3 O 2 ) Cl
157,CCCCCC(=O)O,-6.21,C C C C C C ( = O ) O
158,CCOC(=O)CCC(=O)OCC,-5.71,C C O C ( = O ) C C C ( = O ) O C C
159,Cc1ccnc(c1)C,-4.86,C c 1 c c n c ( c 1 ) C
160,C1CCC=CC1,0.14,C 1 C C C = C C 1
161,CN1CCN(CC1)C,-7.58,C N 1 C C N ( C C 1 ) C
162,c1cc(c(cc1c2cc(c(c(c2Cl)Cl)Cl)Cl)Cl)Cl,-3.04,c 1 c c ( c ( c c 1 c 2 c c ( c ( c ( c 2 Cl ) Cl ) Cl ) Cl ) Cl ) Cl
163,C1=CC(=O)C=CC1=O,-6.5,C 1 = C C ( = O ) C = C C 1 = O
164,COC(=O)CCl,-4.0,C O C ( = O ) C Cl
165,CCCC=O,-3.18,C C C C = O
166,CCc1ccccc1,-0.79,C C c 1 c c c c c 1
167,C(=C(Cl)Cl)Cl,-0.44,C ( = C ( Cl ) Cl ) Cl
168,CCN(CC)CC,-3.22,C C N ( C C ) C C
169,c1cc2c(cc1Cl)Oc3c(c(c(c(c3Cl)Cl)Cl)Cl)O2,-4.15,c 1 c c 2 c ( c c 1 Cl ) O c 3 c ( c ( c ( c ( c 3 Cl ) Cl ) Cl ) Cl ) O 2
170,Cc1ccncc1C,-5.22,C c 1 c c n c c 1 C
171,c1(=O)[nH]c(=O)[nH]c(=O)[nH]1,-18.06,c 1 ( = O ) [ n H ] c ( = O ) [ n H ] c ( = O ) [ n H ] 1
172,c1ccc(cc1)C=O,-4.02,c 1 c c c ( c c 1 ) C = O
173,c1ccnc(c1)Cl,-4.39,c 1 c c n c ( c 1 ) Cl
174,C=CCCl,-0.57,C = C C Cl
175,Cc1ccc(cc1)C(=O)C,-4.7,C c 1 c c c ( c c 1 ) C ( = O ) C
176,C=O,-2.75,C = O
177,Cc1ccccc1Cl,-1.14,C c 1 c c c c c 1 Cl
178,CC(=O)N1CCCC1,-9.8,C C ( = O ) N 1 C C C C 1
179,CC(OC)(OC)OC,-4.42,C C ( O C ) ( O C ) O C
180,CCCCc1ccccc1,-0.4,C C C C c 1 c c c c c 1
181,CN(C)c1ccccc1,-3.45,C N ( C ) c 1 c c c c c 1
182,CC(C)OC,-2.01,C C ( C ) O C
183,c12c(c(c(c(c1Cl)Cl)Cl)Cl)Oc3c(c(c(c(c3Cl)Cl)Cl)Cl)O2,-4.53,c 1 2 c ( c ( c ( c ( c 1 Cl ) Cl ) Cl ) Cl ) O c 3 c ( c ( c ( c ( c 3 Cl ) Cl ) Cl ) Cl ) O 2
184,c1(c(c(c(c(c1Cl)Cl)Cl)Cl)Cl)c2c(c(c(c(c2Cl)Cl)Cl)Cl)Cl,-2.98,c 1 ( c ( c ( c ( c ( c 1 Cl ) Cl ) Cl ) Cl ) Cl ) c 2 c ( c ( c ( c ( c 2 Cl ) Cl ) Cl ) Cl ) Cl
185,C(C(Cl)Cl)Cl,-1.99,C ( C ( Cl ) Cl ) Cl
186,CNc1ccccc1,-4.69,C N c 1 c c c c c 1
187,CC(C)OC(=O)C,-2.64,C C ( C ) O C ( = O ) C
188,c1ccccc1,-0.9,c 1 c c c c c 1
189,c1cc(c(c(c1)Cl)Cl)Cl,-1.24,c 1 c c ( c ( c ( c 1 ) Cl ) Cl ) Cl
190,CCOP(=S)(OCC)SCSc1ccc(cc1)Cl,-6.5,C C O P ( = S ) ( O C C ) S C S c 1 c c c ( c c 1 ) Cl
191,COP(=S)(OC)SCn1c(=O)c2ccccc2nn1,-10.03,C O P ( = S ) ( O C ) S C n 1 c ( = O ) c 2 c c c c c 2 n n 1
192,c1ccc2c(c1)Oc3c(cc(c(c3O2)Cl)Cl)Cl,-4.05,c 1 c c c 2 c ( c 1 ) O c 3 c ( c c ( c ( c 3 O 2 ) Cl ) Cl ) Cl
193,CC(=C)C(=C)C,0.4,C C ( = C ) C ( = C ) C
194,CCCCC=C,1.58,C C C C C = C
195,S,-0.7,S
196,CCOCC,-1.59,C C O C C
197,CCNc1nc(nc(n1)SC)NC(C)C,-7.65,C C N c 1 n c ( n c ( n 1 ) S C ) N C ( C ) C
198,CCCCOC(=O)c1ccc(cc1)O,-8.72,C C C C O C ( = O ) c 1 c c c ( c c 1 ) O
199,CCCCCCOC(=O)C,-2.26,C C C C C C O C ( = O ) C
200,C1CCC(=O)C1,-4.7,C 1 C C C ( = O ) C 1
201,CCCCC(=O)O,-6.16,C C C C C ( = O ) O
202,CCBr,-0.74,C C Br
203,Cc1ccc2cc(ccc2c1)C,-2.63,C c 1 c c c 2 c c ( c c c 2 c 1 ) C
204,CCCCCCO,-4.4,C C C C C C O
205,c1ccc(cc1)c2ccccc2Cl,-2.69,c 1 c c c ( c c 1 ) c 2 c c c c c 2 Cl
206,CC1=CCCCC1,0.67,C C 1 = C C C C C 1
207,CCCCCCO[N+](=O)[O-],-1.66,C C C C C C O [ N+ ] ( = O ) [ O- ]
208,C(Br)(Br)Br,-2.13,C ( Br ) ( Br ) Br
209,CCc1ccc(cc1)O,-6.13,C C c 1 c c c ( c c 1 ) O
210,CCCOCCO,-6.4,C C C O C C O
211,c1ccc(cc1)OC=O,-3.82,c 1 c c c ( c c 1 ) O C = O
212,c1c(c(=O)[nH]c(=O)[nH]1)I,-18.72,c 1 c ( c ( = O ) [ n H ] c ( = O ) [ n H ] 1 ) I
213,CCCC(=O)O,-6.35,C C C C ( = O ) O
214,COC(C(F)(F)F)(OC)OC,-0.8,C O C ( C ( F ) ( F ) F ) ( O C ) O C
215,C1[C@H]([C@@H]([C@H]([C@H](O1)O)O)O)O,-20.52,C 1 [ C @ H ] ( [ C @ @ H ] ( [ C @ H ] ( [ C @ H ] ( O 1 ) O ) O ) O ) O
216,C(F)(F)(F)Br,1.79,C ( F ) ( F ) ( F ) Br
217,CCCCO,-4.72,C C C C O
218,c1ccc(cc1)F,-0.8,c 1 c c c ( c c 1 ) F
219,CCOC(=O)C,-2.94,C C O C ( = O ) C
220,CC(C)COC(=O)C(C)C,-1.69,C C ( C ) C O C ( = O ) C ( C ) C
221,CC(C)(C)OC,-2.21,C C ( C ) ( C ) O C
222,C1=C[C@@H]([C@@H]2[C@H]1[C@@]3(C(=C([C@]2(C3(Cl)Cl)Cl)Cl)Cl)Cl)Cl,-2.55,C 1 = C [ C @ @ H ] ( [ C @ @ H ] 2 [ C @ H ] 1 [ C @ @ ] 3 ( C ( = C ( [ C @ ] 2 ( C 3 ( Cl ) Cl ) Cl ) Cl ) Cl ) Cl ) Cl
223,CCC(=O)CC,-3.41,C C C ( = O ) C C
224,COC(=O)C(F)(F)F,-1.1,C O C ( = O ) C ( F ) ( F ) F
225,c1ccc2ccccc2c1,-2.4,c 1 c c c 2 c c c c c 2 c 1
226,c1cc(c(c(c1c2cc(c(c(c2Cl)Cl)Cl)Cl)Cl)Cl)Cl,-4.4,c 1 c c ( c ( c ( c 1 c 2 c c ( c ( c ( c 2 Cl ) Cl ) Cl ) Cl ) Cl ) Cl ) Cl
227,CC(=O)Oc1ccccc1C(=O)O,-9.94,C C ( = O ) O c 1 c c c c c 1 C ( = O ) O
228,CC(=O)C(C)(C)C,-3.11,C C ( = O ) C ( C ) ( C ) C
229,COS(=O)(=O)C,-4.87,C O S ( = O ) ( = O ) C
230,CCc1ccncc1,-4.73,C C c 1 c c n c c 1
231,CC(C)NC(C)C,-3.22,C C ( C ) N C ( C ) C
232,c1cc2c(cc1Cl)Oc3ccc(cc3O2)Cl,-3.67,c 1 c c 2 c ( c c 1 Cl ) O c 3 c c c ( c c 3 O 2 ) Cl
233,CCCCCCCN,-3.79,C C C C C C C N
234,CC1CCCC1,1.59,C C 1 C C C C 1
235,CCC,2.0,C C C
236,C[C@H]1CCCO1,-3.3,C [ C @ H ] 1 C C C O 1
237,CNC(=O)Oc1cccc2c1cccc2,-9.45,C N C ( = O ) O c 1 c c c c 2 c 1 c c c c 2
238,c1cc(cc(c1)O)C=O,-9.52,c 1 c c ( c c ( c 1 ) O ) C = O
239,c1ccc2cc3ccccc3cc2c1,-3.95,c 1 c c c 2 c c 3 c c c c c 3 c c 2 c 1
240,C(Cl)Cl,-1.31,C ( Cl ) Cl
241,CC(C)(C)C(=O)OC,-2.4,C C ( C ) ( C ) C ( = O ) O C
242,C([N+](=O)[O-])(Cl)(Cl)Cl,-1.45,C ( [ N+ ] ( = O ) [ O- ] ) ( Cl ) ( Cl ) Cl
243,C1CC[S+2](C1)([O-])[O-],-8.61,C 1 C C [ S + 2 ] ( C 1 ) ( [ O- ] ) [ O- ]
244,Cc1cccc(c1O)C,-5.26,C c 1 c c c c ( c 1 O ) C
245,Cc1cccc(c1)O,-5.49,C c 1 c c c c ( c 1 ) O
246,c1ccc2c(c1)C(=O)c3c(ccc(c3C2=O)O)N,-9.53,c 1 c c c 2 c ( c 1 ) C ( = O ) c 3 c ( c c c ( c 3 C 2 = O ) O ) N
247,c1ccc2c(c1)C(=O)c3c(ccc(c3C2=O)N)N,-11.85,c 1 c c c 2 c ( c 1 ) C ( = O ) c 3 c ( c c c ( c 3 C 2 = O ) N ) N
248,CCCCCCCC(=O)C,-2.49,C C C C C C C C ( = O ) C
249,CCCCN,-4.24,C C C C N
250,CCCC(=O)OCC,-2.49,C C C C ( = O ) O C C
251,Cc1ccc(cc1)N,-5.57,C c 1 c c c ( c c 1 ) N
252,CCCCCCI,0.08,C C C C C C I
253,C(C(F)(Cl)Cl)(F)(F)Cl,1.77,C ( C ( F ) ( Cl ) Cl ) ( F ) ( F ) Cl
254,COP(=O)(OC)OC,-8.7,C O P ( = O ) ( O C ) O C
255,c1cc(cc(c1)Cl)Cl,-0.98,c 1 c c ( c c ( c 1 ) Cl ) Cl
256,Cc1cc(c2ccccc2c1)C,-2.47,C c 1 c c ( c 2 c c c c c 2 c 1 ) C
257,CCCC(C)C,2.51,C C C C ( C ) C
258,CCOP(=S)(OCC)Oc1c(cc(c(n1)Cl)Cl)Cl,-5.04,C C O P ( = S ) ( O C C ) O c 1 c ( c c ( c ( n 1 ) Cl ) Cl ) Cl
259,C(C(F)(F)F)Cl,0.06,C ( C ( F ) ( F ) F ) Cl
260,C=C,1.28,C = C
261,CCCCCI,-0.14,C C C C C I
262,COC(OC)OC,-4.42,C O C ( O C ) O C
263,CCCCCCCCCC,3.16,C C C C C C C C C C
264,C[C@@H](CO[N+](=O)[O-])O[N+](=O)[O-],-4.95,C [ C @ @ H ] ( C O [ N+ ] ( = O ) [ O- ] ) O [ N+ ] ( = O ) [ O- ]
265,CC=C,1.32,C C = C
266,Cc1c[nH]c2c1cccc2,-5.88,C c 1 c [ n H ] c 2 c 1 c c c c 2
267,COP(=O)([C@H](C(Cl)(Cl)Cl)O)OC,-12.74,C O P ( = O ) ( [ C @ H ] ( C ( Cl ) ( Cl ) Cl ) O ) O C
268,C1CCCCC1,1.23,C 1 C C C C C 1
269,CC(=CCC/C(=C/CO)/C)C,-4.45,C C ( = C C C / C ( = C / C O ) / C ) C
270,CC(C)c1ccccc1,-0.3,C C ( C ) c 1 c c c c c 1
271,CC(C)C(C)C(C)C,2.56,C C ( C ) C ( C ) C ( C ) C
272,CC(C)C(=O)C,-3.24,C C ( C ) C ( = O ) C
273,CCCCNCCCC,-3.24,C C C C N C C C C
274,CCCCS,-0.99,C C C C S
275,c1ccc2c(c1)Oc3c(c(c(c(c3Cl)Cl)Cl)Cl)O2,-3.81,c 1 c c c 2 c ( c 1 ) O c 3 c ( c ( c ( c ( c 3 Cl ) Cl ) Cl ) Cl ) O 2
276,COc1c(c(c(c(c1Cl)C=O)Cl)OC)O,-8.68,C O c 1 c ( c ( c ( c ( c 1 Cl ) C = O ) Cl ) O C ) O
277,C1CCC(CC1)N,-4.59,C 1 C C C ( C C 1 ) N
278,C(F)(F)Cl,-0.5,C ( F ) ( F ) Cl
279,COC(=O)c1ccc(cc1)[N+](=O)[O-],-6.88,C O C ( = O ) c 1 c c c ( c c 1 ) [ N+ ] ( = O ) [ O- ]
280,CC(=O)c1cccnc1,-8.26,C C ( = O ) c 1 c c c n c 1
281,CC#C,-0.48,C C # C
282,CCCCCCCCC=O,-2.07,C C C C C C C C C = O
283,CCC(=O)O,-6.46,C C C ( = O ) O
284,C(Cl)(Cl)Cl,-1.08,C ( Cl ) ( Cl ) Cl
285,Cc1cccc(c1C)C,-1.21,C c 1 c c c c ( c 1 C ) C
286,C,2.0,C
287,c1ccc(cc1)CCl,-1.93,c 1 c c c ( c c 1 ) C Cl
288,CC1CCCCC1,1.7,C C 1 C C C C C 1
289,Cc1cccs1,-1.38,C c 1 c c c s 1
290,c1ccncc1,-4.69,c 1 c c n c c 1
291,CCCCCl,-0.16,C C C C Cl
292,C[C@H]1CC[C@@H](O1)C,-2.92,C [ C @ H ] 1 C C [ C @ @ H ] ( O 1 ) C
293,Cc1ccc(c(c1)OC)O,-5.8,C c 1 c c c ( c ( c 1 ) O C ) O
294,C1[C@H]([C@@H]2[C@H]([C@H]1Cl)[C@]3(C(=C([C@@]2(C3(Cl)Cl)Cl)Cl)Cl)Cl)Cl,-3.44,C 1 [ C @ H ] ( [ C @ @ H ] 2 [ C @ H ] ( [ C @ H ] 1 Cl ) [ C @ ] 3 ( C ( = C ( [ C @ @ ] 2 ( C 3 ( Cl ) Cl ) Cl ) Cl ) Cl ) Cl ) Cl
295,Cc1ccccc1,-0.9,C c 1 c c c c c 1
296,CC(C)COC=O,-2.22,C C ( C ) C O C = O
297,CCOC(=O)c1ccc(cc1)O,-9.2,C C O C ( = O ) c 1 c c c ( c c 1 ) O
298,CCOCCOCC,-3.54,C C O C C O C C
299,CCCCCOC(=O)CC,-2.11,C C C C C O C ( = O ) C C
300,CCCc1ccc(cc1)O,-5.21,C C C c 1 c c c ( c c 1 ) O
301,CC=C(C)C,1.31,C C = C ( C ) C
302,C(CCl)Cl,-1.79,C ( C Cl ) Cl
303,CCC(C)(C)CC,2.56,C C C ( C ) ( C ) C C
304,Cc1cc2ccccc2cc1C,-2.78,C c 1 c c 2 c c c c c 2 c c 1 C
305,Cc1cccc(n1)C,-4.59,C c 1 c c c c ( n 1 ) C
306,COC(C(Cl)Cl)(F)F,-1.12,C O C ( C ( Cl ) Cl ) ( F ) F
307,CCOCCOC(=O)C,-5.31,C C O C C O C ( = O ) C
308,COc1cccc(c1)N,-7.29,C O c 1 c c c c ( c 1 ) N
309,c1cc(cnc1)C=O,-7.1,c 1 c c ( c n c 1 ) C = O
310,CCC(C)(C)O,-4.43,C C C ( C ) ( C ) O
311,CCc1cccc(c1N(COC)C(=O)CCl)CC,-8.21,C C c 1 c c c c ( c 1 N ( C O C ) C ( = O ) C Cl ) C C
312,Cn1cccc1,-2.89,C n 1 c c c c 1
313,COCOC,-2.93,C O C O C
314,CCC(CC)O,-4.35,C C C ( C C ) O
315,CCCCCCCCCC(=O)C,-2.15,C C C C C C C C C C ( = O ) C
316,C(CBr)Cl,-1.95,C ( C Br ) Cl
317,c1ccc(cc1)I,-1.74,c 1 c c c ( c c 1 ) I
318,CC1=CC(=O)CC(C1)(C)C,-5.18,C C 1 = C C ( = O ) C C ( C 1 ) ( C ) C
319,CCI,-0.74,C C I
320,CCCc1ccc(c(c1)OC)O,-5.26,C C C c 1 c c c ( c ( c 1 ) O C ) O
321,CC(C)Br,-0.48,C C ( C ) Br
322,Cc1ccc(cc1)Br,-1.39,C c 1 c c c ( c c 1 ) Br
323,c1cc(ccc1C#N)O,-10.17,c 1 c c ( c c c 1 C # N ) O
324,CS(=O)(=O)C,-10.08,C S ( = O ) ( = O ) C
325,CCc1cccc(c1)O,-6.25,C C c 1 c c c c ( c 1 ) O
326,CC1=CC[C@H](C[C@@H]1O)C(=C)C,-4.44,C C 1 = C C [ C @ H ] ( C [ C @ @ H ] 1 O ) C ( = C ) C
327,c1cc(ccc1Br)Br,-2.3,c 1 c c ( c c c 1 Br ) Br
328,COc1c(ccc(c1C(=O)O)Cl)Cl,-9.86,C O c 1 c ( c c c ( c 1 C ( = O ) O ) Cl ) Cl
329,CC/C=C\C,1.31,C C / C = C \ C
330,CC,1.83,C C
331,COc1ccccc1OC,-5.33,C O c 1 c c c c c 1 O C
332,CCSCC,-1.46,C C S C C
333,c1cc(cnc1)C#N,-6.75,c 1 c c ( c n c 1 ) C # N
334,c1cc(c(cc1O)Cl)Cl,-7.29,c 1 c c ( c ( c c 1 O ) Cl ) Cl
335,COc1ccccc1,-2.45,C O c 1 c c c c c 1
336,Cc1ccc(c(c1)O)C,-5.91,C c 1 c c c ( c ( c 1 ) O ) C
337,c1cc(ccc1Cl)Cl,-1.01,c 1 c c ( c c c 1 Cl ) Cl
338,C(F)Cl,-0.77,C ( F ) Cl
339,CCCC=C,1.68,C C C C = C
340,c1cc(c(c(c1Cl)Cl)Cl)Cl,-1.34,c 1 c c ( c ( c ( c 1 Cl ) Cl ) Cl ) Cl
341,CCCCCC#C,0.6,C C C C C C # C
342,CCCCCCCCC(=O)C,-2.34,C C C C C C C C C ( = O ) C
343,c1ccc(cc1)Cl,-1.12,c 1 c c c ( c c 1 ) Cl
344,CN(C)CCOC(c1ccccc1)c2ccccc2,-9.34,C N ( C ) C C O C ( c 1 c c c c c 1 ) c 2 c c c c c 2
345,CCCCC=O,-3.03,C C C C C = O
346,c1ccc(cc1)Oc2ccccc2,-2.87,c 1 c c c ( c c 1 ) O c 2 c c c c c 2
347,C1CCC(=O)CC1,-4.91,C 1 C C C ( = O ) C C 1
348,CCCC[N+](=O)[O-],-3.09,C C C C [ N+ ] ( = O ) [ O- ]
349,c1cnccc1C=O,-7.0,c 1 c n c c c 1 C = O
350,C(CCl)OCCCl,-4.23,C ( C Cl ) O C C Cl
351,CC[N+](=O)[O-],-3.71,C C [ N+ ] ( = O ) [ O- ]
352,c1cc(cnc1)Cl,-4.01,c 1 c c ( c n c 1 ) Cl
353,CBr,-0.82,C Br
354,CO,-5.1,C O
355,CCCCCCC=O,-2.67,C C C C C C C = O
356,c1cc(c(c(c1)Cl)c2c(cccc2Cl)Cl)Cl,-2.28,c 1 c c ( c ( c ( c 1 ) Cl ) c 2 c ( c c c c 2 Cl ) Cl ) Cl
357,c1ccc(c(c1)N)[N+](=O)[O-],-7.37,c 1 c c c ( c ( c 1 ) N ) [ N+ ] ( = O ) [ O- ]
358,CN1CCCCC1,-3.88,C N 1 C C C C C 1
359,CCCCCCCC=O,-2.29,C C C C C C C C = O
360,c1ccc(cc1)[N+](=O)[O-],-4.12,c 1 c c c ( c c 1 ) [ N+ ] ( = O ) [ O- ]
361,C[C@@H]1CC[C@H](C(=O)C1)C(C)C,-2.53,C [ C @ @ H ] 1 C C [ C @ H ] ( C ( = O ) C 1 ) C ( C ) C
362,C([C@@H]1[C@H]([C@@H]([C@H]([C@@H](O1)O)O)O)O)O,-25.47,C ( [ C @ @ H ] 1 [ C @ H ] ( [ C @ @ H ] ( [ C @ H ] ( [ C @ @ H ] ( O 1 ) O ) O ) O ) O ) O
363,CF,-0.22,C F
364,CS(=O)C,-9.28,C S ( = O ) C
365,c1ccc2c(c1)Oc3ccccc3O2,-3.15,c 1 c c c 2 c ( c 1 ) O c 3 c c c c c 3 O 2
366,Cc1ccccc1N,-5.53,C c 1 c c c c c 1 N
367,CCCCBr,-0.4,C C C C Br
368,CCCCCCCCCO,-3.88,C C C C C C C C C O
369,Cc1ccncc1,-4.93,C c 1 c c n c c 1
370,C(=C(Cl)Cl)(Cl)Cl,0.1,C ( = C ( Cl ) Cl ) ( Cl ) Cl
371,CC(C)(C)Br,0.84,C C ( C ) ( C ) Br
372,C=C(c1ccccc1)c2ccccc2,-2.78,C = C ( c 1 c c c c c 1 ) c 2 c c c c c 2
373,CCc1ccc(cc1)C,-0.95,C C c 1 c c c ( c c 1 ) C
374,Cc1cccnc1,-4.77,C c 1 c c c n c 1
375,COCC(OC)(OC)OC,-5.73,C O C C ( O C ) ( O C ) O C
376,c1ccc-2c(c1)Cc3c2cccc3,-3.35,c 1 c c c - 2 c ( c 1 ) C c 3 c 2 c c c c 3
377,CC(=O)N,-9.71,C C ( = O ) N
378,COS(=O)(=O)OC,-5.1,C O S ( = O ) ( = O ) O C
379,C(C(Cl)Cl)(Cl)Cl,-2.37,C ( C ( Cl ) Cl ) ( Cl ) Cl
380,COC(=O)C1CCCCC1,-3.3,C O C ( = O ) C 1 C C C C C 1
381,CCCCCCBr,0.18,C C C C C C Br
382,CCCCCCCBr,0.34,C C C C C C C Br
383,c1ccc2c(c1)Oc3cccc(c3O2)Cl,-3.52,c 1 c c c 2 c ( c 1 ) O c 3 c c c c ( c 3 O 2 ) Cl
384,COC(CC#N)(OC)OC,-6.4,C O C ( C C # N ) ( O C ) O C
385,CC[C@H](C)Cl,0.0,C C [ C @ H ] ( C ) Cl
386,CCCCCCc1ccccc1,-0.04,C C C C C C c 1 c c c c c 1
387,COc1cc(c(c(c1O)OC)Cl)C=O,-7.78,C O c 1 c c ( c ( c ( c 1 O ) O C ) Cl ) C = O
388,c1cc(cc(c1)C(F)(F)F)C(F)(F)F,1.07,c 1 c c ( c c ( c 1 ) C ( F ) ( F ) F ) C ( F ) ( F ) F
389,c1ccc(cc1)Cn2ccnc2,-7.63,c 1 c c c ( c c 1 ) C n 2 c c n c 2
390,c1ccc2c(c1)cccc2N,-7.28,c 1 c c c 2 c ( c 1 ) c c c c 2 N
391,CCOC(=O)CC(=O)OCC,-6.0,C C O C ( = O ) C C ( = O ) O C C
392,CC(=O)C1CC1,-4.61,C C ( = O ) C 1 C C 1
393,c1cc[nH]c1,-4.78,c 1 c c [ n H ] c 1
394,c1cc(c(cc1c2ccc(cc2F)F)C(=O)O)O,-9.4,c 1 c c ( c ( c c 1 c 2 c c c ( c c 2 F ) F ) C ( = O ) O ) O
395,CC1CCC(CC1)C,2.11,C C 1 C C C ( C C 1 ) C
396,C1CCC(CC1)O,-5.46,C 1 C C C ( C C 1 ) O
397,CN(C)CCC=C1c2ccccc2CCc3c1cccc3,-7.43,C N ( C ) C C C = C 1 c 2 c c c c c 2 C C c 3 c 1 c c c c 3
398,c1cc(ccc1O)F,-6.19,c 1 c c ( c c c 1 O ) F
399,c1ccc(c(c1)N)Cl,-4.91,c 1 c c c ( c ( c 1 ) N ) Cl
400,Cc1ccc(c(c1)C)C,-0.86,C c 1 c c c ( c ( c 1 ) C ) C
401,CCc1ccccc1C,-0.85,C C c 1 c c c c c 1 C
402,C[C@@H]1CC[C@H](CC1=O)C(=C)C,-3.75,C [ C @ @ H ] 1 C C [ C @ H ] ( C C 1 = O ) C ( = C ) C
403,c1ccc(cc1)c2ccccc2,-2.7,c 1 c c c ( c c 1 ) c 2 c c c c c 2
404,Cc1cccc(c1C)O,-6.16,C c 1 c c c c ( c 1 C ) O
405,COP(=S)(OC)Oc1ccc(cc1)[N+](=O)[O-],-7.19,C O P ( = S ) ( O C ) O c 1 c c c ( c c 1 ) [ N+ ] ( = O ) [ O- ]
406,CCOP(=S)(OCC)Oc1ccc(cc1)[N+](=O)[O-],-6.74,C C O P ( = S ) ( O C C ) O c 1 c c c ( c c 1 ) [ N+ ] ( = O ) [ O- ]
407,CCN(CC)c1c(cc(c(c1[N+](=O)[O-])N)C(F)(F)F)[N+](=O)[O-],-5.66,C C N ( C C ) c 1 c ( c c ( c ( c 1 [ N+ ] ( = O ) [ O- ] ) N ) C ( F ) ( F ) F ) [ N+ ] ( = O ) [ O- ]
408,CSC,-1.61,C S C
409,C[C@@H](c1cccc(c1)C(=O)c2ccccc2)C(=O)O,-10.78,C [ C @ @ H ] ( c 1 c c c c ( c 1 ) C ( = O ) c 2 c c c c c 2 ) C ( = O ) O
410,C1CCC(C1)O,-5.49,C 1 C C C ( C 1 ) O
411,CCCCC(=O)OC,-2.56,C C C C C ( = O ) O C
412,CCCC(=C)C,1.47,C C C C ( = C ) C
413,C[C@@H](c1ccc(c(c1)F)c2ccccc2)C(=O)O,-8.42,C [ C @ @ H ] ( c 1 c c c ( c ( c 1 ) F ) c 2 c c c c c 2 ) C ( = O ) O
414,CCCN(CCC)c1c(cc(cc1[N+](=O)[O-])S(=O)(=O)C)[N+](=O)[O-],-7.98,C C C N ( C C C ) c 1 c ( c c ( c c 1 [ N+ ] ( = O ) [ O- ] ) S ( = O ) ( = O ) C ) [ N+ ] ( = O ) [ O- ]
415,C=CCl,-0.59,C = C Cl
416,Cc1ccc(cc1)C(=O)N(C)C,-9.76,C c 1 c c c ( c c 1 ) C ( = O ) N ( C ) C
417,CCCC(=O)CCC,-2.92,C C C C ( = O ) C C C
418,COC(=O)c1ccccc1,-3.92,C O C ( = O ) c 1 c c c c c 1
419,Cc1ccc(cc1)C=O,-4.27,C c 1 c c c ( c c 1 ) C = O
420,CCCC(=O)OCCC,-2.28,C C C C ( = O ) O C C C
421,C1CNCCN1,-7.4,C 1 C N C C N 1
422,CCOP(=S)(OCC)S[C@@H](CCl)N1C(=O)c2ccccc2C1=O,-5.74,C C O P ( = S ) ( O C C ) S [ C @ @ H ] ( C Cl ) N 1 C ( = O ) c 2 c c c c c 2 C 1 = O
423,CCOCCO,-6.69,C C O C C O
424,CCC(C)CC,2.51,C C C ( C ) C C
425,Cc1cnccn1,-5.51,C c 1 c n c c n 1
426,CCC[N+](=O)[O-],-3.34,C C C [ N+ ] ( = O ) [ O- ]
427,Cc1cc(cc(c1)C)C,-0.9,C c 1 c c ( c c ( c 1 ) C ) C
428,c1c(c(=O)[nH]c(=O)[nH]1)F,-16.92,c 1 c ( c ( = O ) [ n H ] c ( = O ) [ n H ] 1 ) F
429,CCO,-5.0,C C O
430,Cc1ccc(c2c1cccc2)C,-2.82,C c 1 c c c ( c 2 c 1 c c c c 2 ) C
431,c1c2c(cc(c1Cl)Cl)Oc3cc(c(cc3O2)Cl)Cl,-3.37,c 1 c 2 c ( c c ( c 1 Cl ) Cl ) O c 3 c c ( c ( c c 3 O 2 ) Cl ) Cl
432,c1cc(c(c(c1)Cl)C#N)Cl,-4.71,c 1 c c ( c ( c ( c 1 ) Cl ) C # N ) Cl
433,CCOC=O,-2.56,C C O C = O
434,c1c(c(cc(c1Cl)Cl)Cl)Cl,-1.34,c 1 c ( c ( c c ( c 1 Cl ) Cl ) Cl ) Cl
435,CCOC(OCC)Oc1ccccc1,-5.23,C C O C ( O C C ) O c 1 c c c c c 1
436,c1cc(cc(c1)O)[N+](=O)[O-],-9.62,c 1 c c ( c c ( c 1 ) O ) [ N+ ] ( = O ) [ O- ]
437,CCCCCCCCO,-4.09,C C C C C C C C O
438,CCC=C,1.38,C C C = C
439,C(Cl)(Cl)(Cl)Cl,0.08,C ( Cl ) ( Cl ) ( Cl ) Cl
440,c1ccc(cc1)CCO,-6.79,c 1 c c c ( c c 1 ) C C O
441,CN(C)C(=O)Nc1ccccc1,-9.13,C N ( C ) C ( = O ) N c 1 c c c c c 1
442,CSSC,-1.83,C S S C
443,C1C=CC[C@@H]2[C@@H]1C(=O)N(C2=O)SC(Cl)(Cl)Cl,-9.01,C 1 C = C C [ C @ @ H ] 2 [ C @ @ H ] 1 C ( = O ) N ( C 2 = O ) S C ( Cl ) ( Cl ) Cl
444,CC(=O)OCC(COC(=O)C)OC(=O)C,-8.84,C C ( = O ) O C C ( C O C ( = O ) C ) O C ( = O ) C
445,COC,-1.91,C O C
446,CCCCCC,2.48,C C C C C C
447,C(CBr)Br,-2.33,C ( C Br ) Br
448,C(C(Cl)(Cl)Cl)(Cl)Cl,-1.23,C ( C ( Cl ) ( Cl ) Cl ) ( Cl ) Cl
449,c1c(c(=O)[nH]c(=O)[nH]1)C(F)(F)F,-15.46,c 1 c ( c ( = O ) [ n H ] c ( = O ) [ n H ] 1 ) C ( F ) ( F ) F
450,Cc1cccc(c1N)C,-5.21,C c 1 c c c c ( c 1 N ) C
451,CCCOC(=O)C,-2.79,C C C O C ( = O ) C
452,c1ccc2c(c1)cccn2,-5.72,c 1 c c c 2 c ( c 1 ) c c c n 2
453,CCS,-1.14,C C S
454,CCSSCC,-1.64,C C S S C C
455,c1ccsc1,-1.4,c 1 c c s c 1
456,CCc1cccc2c1cccc2,-2.4,C C c 1 c c c c 2 c 1 c c c c 2
457,CCCC(=O)C,-3.52,C C C C ( = O ) C
458,c1c(c(c(c(c1Cl)Cl)Cl)Cl)c2c(cc(c(c2Cl)Cl)Cl)Cl,-4.61,c 1 c ( c ( c ( c ( c 1 Cl ) Cl ) Cl ) Cl ) c 2 c ( c c ( c ( c 2 Cl ) Cl ) Cl ) Cl
459,CCC[N@@](CC1CC1)c2c(cc(cc2[N+](=O)[O-])C(F)(F)F)[N+](=O)[O-],-2.45,C C C [ N @ @ ] ( C C 1 C C 1 ) c 2 c ( c c ( c c 2 [ N+ ] ( = O ) [ O- ] ) C ( F ) ( F ) F ) [ N+ ] ( = O ) [ O- ]
460,CC(=O)O,-6.69,C C ( = O ) O
461,CC=O,-3.5,C C = O
462,c1cc(cc(c1)[N+](=O)[O-])N,-8.84,c 1 c c ( c c ( c 1 ) [ N+ ] ( = O ) [ O- ] ) N
463,CCCCC#C,0.29,C C C C C # C
464,COc1ccccc1N,-6.12,C O c 1 c c c c c 1 N
465,c1ccc(cc1)O,-6.6,c 1 c c c ( c c 1 ) O
466,CCC#N,-3.84,C C C # N
467,c1ccc2c(c1)cccc2O,-7.67,c 1 c c c 2 c ( c 1 ) c c c c 2 O
468,CCCCOC(=O)C,-2.64,C C C C O C ( = O ) C
469,CC(C)(/C=N\OC(=O)NC)SC,-9.84,C C ( C ) ( / C = N \ O C ( = O ) N C ) S C
470,Cc1ccccc1O,-5.9,C c 1 c c c c c 1 O
471,CC(C)C=O,-2.86,C C ( C ) C = O
472,CCC(=O)N,-9.4,C C C ( = O ) N
473,CCCBr,-0.56,C C C Br
474,CC(C)Cl,-0.25,C C ( C ) Cl
475,C(CCl)CCl,-1.89,C ( C Cl ) C Cl
476,c1cc(ccc1[N+](=O)[O-])O,-10.64,c 1 c c ( c c c 1 [ N+ ] ( = O ) [ O- ] ) O
477,C[C@@H](CCl)Cl,-1.27,C [ C @ @ H ] ( C Cl ) Cl
478,c1cc(ccc1N)Cl,-5.9,c 1 c c ( c c c 1 N ) Cl
479,c1ccc2c(c1)C(=O)c3cccc(c3C2=O)N,-9.44,c 1 c c c 2 c ( c 1 ) C ( = O ) c 3 c c c c ( c 3 C 2 = O ) N
480,Cc1cccnc1C,-4.82,C c 1 c c c n c 1 C
481,c1cnccc1C#N,-6.02,c 1 c n c c c 1 C # N
482,CCOP(=S)(OCC)SCSCC,-4.37,C C O P ( = S ) ( O C C ) S C S C C
483,CC(=O)C1CCCCC1,-3.9,C C ( = O ) C 1 C C C C C 1
484,Cc1ccccc1C=O,-3.93,C c 1 c c c c c 1 C = O
485,CC(=O)c1ccncc1,-7.62,C C ( = O ) c 1 c c n c c 1
486,c1c2c(cc(c1Cl)Cl)Oc3c(c(c(c(c3Cl)Cl)Cl)Cl)O2,-3.71,c 1 c 2 c ( c c ( c 1 Cl ) Cl ) O c 3 c ( c ( c ( c ( c 3 Cl ) Cl ) Cl ) Cl ) O 2
487,CC(=O)C,-3.8,C C ( = O ) C
488,CC(=C)C,1.16,C C ( = C ) C
489,c1cc(c(cc1Cl)c2cc(c(c(c2)Cl)Cl)Cl)Cl,-3.61,c 1 c c ( c ( c c 1 Cl ) c 2 c c ( c ( c ( c 2 ) Cl ) Cl ) Cl ) Cl
490,CCCCC[N+](=O)[O-],-2.82,C C C C C [ N+ ] ( = O ) [ O- ]
491,CCC/C=C/C=O,-3.68,C C C / C = C / C = O
492,CN(C)C(=O)c1ccc(cc1)[N+](=O)[O-],-11.95,C N ( C ) C ( = O ) c 1 c c c ( c c 1 ) [ N+ ] ( = O ) [ O- ]
493,C1CCOC1,-3.47,C 1 C C O C 1
494,CCCCCCCC,2.88,C C C C C C C C
495,CCCN(CCC)c1c(cc(cc1[N+](=O)[O-])C(F)(F)F)[N+](=O)[O-],-3.25,C C C N ( C C C ) c 1 c ( c c ( c c 1 [ N+ ] ( = O ) [ O- ] ) C ( F ) ( F ) F ) [ N+ ] ( = O ) [ O- ]
496,CC(=CCC[C@](C)(C=C)OC(=O)C)C,-2.49,C C ( = C C C [ C @ ] ( C ) ( C = C ) O C ( = O ) C ) C
497,C[C@@H](CCO[N+](=O)[O-])O[N+](=O)[O-],-4.29,C [ C @ @ H ] ( C C O [ N+ ] ( = O ) [ O- ] ) O [ N+ ] ( = O ) [ O- ]
498,CC(C)OC(C)C,-0.53,C C ( C ) O C ( C ) C
499,CCCCC(C)C,2.93,C C C C C ( C ) C
500,c1(c(c(c(c(c1Cl)Cl)Cl)Cl)Cl)N(=O)=O,-5.22,c 1 ( c ( c ( c ( c ( c 1 Cl ) Cl ) Cl ) Cl ) Cl ) N ( = O ) = O
501,[C@@H](C(F)(F)F)(Cl)Br,-0.11,[ C @ @ H ] ( C ( F ) ( F ) F ) ( Cl ) Br
502,CCCCOCCCC,-0.83,C C C C O C C C C
503,CCCCCC1CCCC1,2.55,C C C C C C 1 C C C C 1
504,CC(C)CC(C)C,2.83,C C ( C ) C C ( C ) C
505,Cc1ccc(nc1)C,-4.72,C c 1 c c c ( n c 1 ) C
506,C/C=C/C=O,-4.22,C / C = C / C = O
507,CCC[C@H](C)CC,2.71,C C C [ C @ H ] ( C ) C C
508,c1cc(c(c(c1)Cl)c2c(cc(cc2Cl)Cl)Cl)Cl,-1.96,c 1 c c ( c ( c ( c 1 ) Cl ) c 2 c ( c c ( c c 2 Cl ) Cl ) Cl ) Cl
509,c1ccc(cc1)O[C@@H](C(F)F)F,-1.29,c 1 c c c ( c c 1 ) O [ C @ @ H ] ( C ( F ) F ) F
510,COCCOC,-4.84,C O C C O C
511,CC[C@H](C)c1ccccc1,-0.45,C C [ C @ H ] ( C ) c 1 c c c c c 1
512,c1ccc(cc1)CCCO,-6.92,c 1 c c c ( c c 1 ) C C C O
513,CC[C@@H](C)c1cc(cc(c1O)[N+](=O)[O-])[N+](=O)[O-],-6.23,C C [ C @ @ H ] ( C ) c 1 c c ( c c ( c 1 O ) [ N+ ] ( = O ) [ O- ] ) [ N+ ] ( = O ) [ O- ]
514,COc1ccc(cc1)C(=O)OC,-5.33,C O c 1 c c c ( c c 1 ) C ( = O ) O C
515,CCC(=O)Nc1ccc(c(c1)Cl)Cl,-7.78,C C C ( = O ) N c 1 c c c ( c ( c 1 ) Cl ) Cl
516,C[C@@H](c1ccc2cc(ccc2c1)OC)C(=O)O,-10.21,C [ C @ @ H ] ( c 1 c c c 2 c c ( c c c 2 c 1 ) O C ) C ( = O ) O
517,C1(C(C(C1(F)F)(F)F)(F)F)(F)F,3.43,C 1 ( C ( C ( C 1 ( F ) F ) ( F ) F ) ( F ) F ) ( F ) F
518,CC(C)CCOC(=O)C,-2.21,C C ( C ) C C O C ( = O ) C
519,CCCCCCCl,0.0,C C C C C C Cl
520,CC(C)CC(=O)C,-3.05,C C ( C ) C C ( = O ) C
521,CCCCCC=O,-2.81,C C C C C C = O
522,c1cc(cc(c1)Cl)N,-5.82,c 1 c c ( c c ( c 1 ) Cl ) N
523,C1COCCN1,-7.17,C 1 C O C C N 1
524,CCOC(C)OCC,-3.28,C C O C ( C ) O C C
525,CCCC[N@](CC)c1c(cc(cc1[N+](=O)[O-])C(F)(F)F)[N+](=O)[O-],-3.51,C C C C [ N @ ] ( C C ) c 1 c ( c c ( c c 1 [ N+ ] ( = O ) [ O- ] ) C ( F ) ( F ) F ) [ N+ ] ( = O ) [ O- ]
526,CS,-1.2,C S
527,C1[C@@H]2[C@H](COS(=O)O1)[C@@]3(C(=C([C@]2(C3(Cl)Cl)Cl)Cl)Cl)Cl,-4.23,C 1 [ C @ @ H ] 2 [ C @ H ] ( C O S ( = O ) O 1 ) [ C @ @ ] 3 ( C ( = C ( [ C @ ] 2 ( C 3 ( Cl ) Cl ) Cl ) Cl ) Cl ) Cl
528,CC(=O)c1ccc(cc1)OC,-4.4,C C ( = O ) c 1 c c c ( c c 1 ) O C
529,C=CCO,-5.03,C = C C O
530,CCSC,-1.5,C C S C
531,CCCCCOC(=O)C,-2.51,C C C C C O C ( = O ) C
532,c1c(cc(c(c1Cl)Cl)Cl)Cl,-1.62,c 1 c ( c c ( c ( c 1 Cl ) Cl ) Cl ) Cl
533,CC(=O)c1ccccc1,-4.58,C C ( = O ) c 1 c c c c c 1
534,CCCl,-0.63,C C Cl
535,CCCC1CCCC1,2.13,C C C C 1 C C C C 1
536,c1c(cc(cc1Cl)Cl)Cl,-0.78,c 1 c ( c c ( c c 1 Cl ) Cl ) Cl
537,CCCOC(=O)c1ccc(cc1)O,-9.37,C C C O C ( = O ) c 1 c c c ( c c 1 ) O
538,c1cc(cc(c1)Cl)O,-6.62,c 1 c c ( c c ( c 1 ) Cl ) O
539,CC(C)CCO,-4.42,C C ( C ) C C O
540,CCCCCN,-4.09,C C C C C N
541,Cc1c(c(=O)n(c(=O)[nH]1)C(C)(C)C)Cl,-11.14,C c 1 c ( c ( = O ) n ( c ( = O ) [ n H ] 1 ) C ( C ) ( C ) C ) Cl
542,CC(C)CCC(C)(C)C,2.93,C C ( C ) C C C ( C ) ( C ) C
543,CCCCOCCO,-6.25,C C C C O C C O
544,C1[C@@H]2[C@H]3[C@@H]([C@H]1[C@H]4[C@@H]2O4)[C@@]5(C(=C([C@]3(C5(Cl)Cl)Cl)Cl)Cl)Cl,-4.82,C 1 [ C @ @ H ] 2 [ C @ H ] 3 [ C @ @ H ] ( [ C @ H ] 1 [ C @ H ] 4 [ C @ @ H ] 2 O 4 ) [ C @ @ ] 5 ( C ( = C ( [ C @ ] 3 ( C 5 ( Cl ) Cl ) Cl ) Cl ) Cl ) Cl
545,c1ccc(cc1)C(=O)N,-11.0,c 1 c c c ( c c 1 ) C ( = O ) N
546,CC(C)[N+](=O)[O-],-3.13,C C ( C ) [ N+ ] ( = O ) [ O- ]
547,C(C(CO)O)O,-13.43,C ( C ( C O ) O ) O
548,CCCI,-0.53,C C C I
549,COCCN,-6.55,C O C C N
550,C(C(Cl)(Cl)Cl)Cl,-1.43,C ( C ( Cl ) ( Cl ) Cl ) Cl
551,CCC(=O)OC,-2.93,C C C ( = O ) O C
552,C1CCCC1,1.2,C 1 C C C C 1
553,CCc1cccnc1,-4.59,C C c 1 c c c n c 1
554,Cc1cc(cnc1)C,-4.84,C c 1 c c ( c n c 1 ) C
555,COCCO,-6.619999999999999,C O C C O
556,COC=O,-2.78,C O C = O
557,c1ccc2cc(ccc2c1)N,-7.47,c 1 c c c 2 c c ( c c c 2 c 1 ) N
558,Cc1c[nH]cn1,-10.27,C c 1 c [ n H ] c n 1
559,Cc1cccc(c1)[N+](=O)[O-],-3.45,C c 1 c c c c ( c 1 ) [ N+ ] ( = O ) [ O- ]
560,C(CCCl)CCl,-2.32,C ( C C Cl ) C Cl
561,CC(=O)CO[N+](=O)[O-],-5.99,C C ( = O ) C O [ N+ ] ( = O ) [ O- ]
562,CC(C)(C)c1ccccc1,-0.44,C C ( C ) ( C ) c 1 c c c c c 1
563,CCCCCC(=O)OC,-2.49,C C C C C C ( = O ) O C
564,C[C@@H](C(F)(F)F)O,-4.16,C [ C @ @ H ] ( C ( F ) ( F ) F ) O
565,CCCCCBr,-0.1,C C C C C Br
566,CCCCCCC=C,1.92,C C C C C C C = C
567,CC1=CC(=O)[C@@H](CC1)C(C)C,-4.51,C C 1 = C C ( = O ) [ C @ @ H ] ( C C 1 ) C ( C ) C
568,CC(C)O,-4.74,C C ( C ) O
569,CCCCCCN,-3.95,C C C C C C N
570,C(CO[N+](=O)[O-])CO[N+](=O)[O-],-4.8,C ( C O [ N+ ] ( = O ) [ O- ] ) C O [ N+ ] ( = O ) [ O- ]
571,Cc1ccc(c(c1)C)O,-6.01,C c 1 c c c ( c ( c 1 ) C ) O
572,CCCCCO,-4.57,C C C C C O
573,CCC[C@@H](C)O,-4.39,C C C [ C @ @ H ] ( C ) O
574,CCCC[C@@H](C)CC,2.97,C C C C [ C @ @ H ] ( C ) C C
575,C[C@@H](c1ccc(cc1)CC(C)C)C(=O)O,-7.0,C [ C @ @ H ] ( c 1 c c c ( c c 1 ) C C ( C ) C ) C ( = O ) O
576,CCOC(=O)C[C@H](C(=O)OCC)SP(=S)(OC)OC,-8.15,C C O C ( = O ) C [ C @ H ] ( C ( = O ) O C C ) S P ( = S ) ( O C ) O C
577,Cc1ccc(cc1C)O,-6.5,C c 1 c c c ( c c 1 C ) O
578,Cc1cc(ccc1Cl)O,-6.79,C c 1 c c ( c c c 1 Cl ) O
579,CCCC/C=C/C,1.68,C C C C / C = C / C
580,CCCOCCC,-1.16,C C C O C C C
581,C[C@@H]1CC[C@H]([C@@H](C1)O)C(C)C,-3.2,C [ C @ @ H ] 1 C C [ C @ H ] ( [ C @ @ H ] ( C 1 ) O ) C ( C ) C
582,CCNc1nc(nc(n1)SC)NC(C)(C)C,-6.68,C C N c 1 n c ( n c ( n 1 ) S C ) N C ( C ) ( C ) C
583,CC(C)CC(C)(C)C,2.89,C C ( C ) C C ( C ) ( C ) C
584,CCCCC(=O)CCCC,-2.64,C C C C C ( = O ) C C C C
585,CCCCN(CC)C(=O)SCCC,-3.64,C C C C N ( C C ) C ( = O ) S C C C
586,CCCCCC=C,1.66,C C C C C C = C
587,CC(C)OC=O,-2.02,C C ( C ) O C = O
588,CC(OC(=O)C)OC(=O)C,-4.97,C C ( O C ( = O ) C ) O C ( = O ) C
589,c1c(c(=O)[nH]c(=O)[nH]1)Cl,-17.74,c 1 c ( c ( = O ) [ n H ] c ( = O ) [ n H ] 1 ) Cl
590,CC(=C)c1ccccc1,-1.24,C C ( = C ) c 1 c c c c c 1
591,CCC(C)C,2.38,C C C ( C ) C
592,CCCCO[N+](=O)[O-],-2.09,C C C C O [ N+ ] ( = O ) [ O- ]
593,c1ccc(cc1)Br,-1.46,c 1 c c c ( c c 1 ) Br
594,CC(Cl)(Cl)Cl,-0.19,C C ( Cl ) ( Cl ) Cl
595,CC(=C)[C@H]1CCC(=CC1)C=O,-4.09,C C ( = C ) [ C @ H ] 1 C C C ( = C C 1 ) C = O
596,Cc1ccccc1[N+](=O)[O-],-3.58,C c 1 c c c c c 1 [ N+ ] ( = O ) [ O- ]
597,CCCCCCCI,0.27,C C C C C C C I
598,c1cc2ccc3cccc4c3c2c(c1)cc4,-4.52,c 1 c c 2 c c c 3 c c c c 4 c 3 c 2 c ( c 1 ) c c 4
599,CCCCCCl,-0.1,C C C C C Cl
600,CC(C)COC(=O)C,-2.36,C C ( C ) C O C ( = O ) C
601,CCC(C)(C)C,2.51,C C C ( C ) ( C ) C
602,c1cc(ccc1N)N(=O)=O,-9.82,c 1 c c ( c c c 1 N ) N ( = O ) = O
603,COC(=O)CC#N,-6.72,C O C ( = O ) C C # N
604,COc1ccc(cc1)N,-7.48,C O c 1 c c c ( c c 1 ) N
605,CC(C)Cc1ccccc1,0.16,C C ( C ) C c 1 c c c c c 1
606,c1ccc(cc1)c2c(cc(cc2Cl)Cl)Cl,-2.16,c 1 c c c ( c c 1 ) c 2 c ( c c ( c c 2 Cl ) Cl ) Cl
607,CN,-4.55,C N
608,c1ccc(c(c1)O)Cl,-4.55,c 1 c c c ( c ( c 1 ) O ) Cl
609,c1ccc2c(c1)C(=O)c3ccc(cc3C2=O)N,-11.53,c 1 c c c 2 c ( c 1 ) C ( = O ) c 3 c c c ( c c 3 C 2 = O ) N
610,C(=C\Cl)\Cl,-1.17,C ( = C \ Cl ) \ Cl
611,CCCCC(=O)C,-3.28,C C C C C ( = O ) C
612,C(CO[N+](=O)[O-])O[N+](=O)[O-],-5.73,C ( C O [ N+ ] ( = O ) [ O- ] ) O [ N+ ] ( = O ) [ O- ]
613,c1ccc(c(c1)O)F,-5.29,c 1 c c c ( c ( c 1 ) O ) F
614,Cc1c(nc(nc1OC(=O)N(C)C)N(C)C)C,-9.41,C c 1 c ( n c ( n c 1 O C ( = O ) N ( C ) C ) N ( C ) C ) C
615,C=Cc1ccccc1,-1.24,C = C c 1 c c c c c 1
616,CCOP(=O)(OCC)OCC,-7.5,C C O P ( = O ) ( O C C ) O C C
617,C(C(F)(F)F)O,-4.31,C ( C ( F ) ( F ) F ) O
618,CCCCOC[C@H](C)O,-5.73,C C C C O C [ C @ H ] ( C ) O
619,CCCO,-4.85,C C C O
620,Cc1ccccc1C,-0.9,C c 1 c c c c c 1 C
621,CC(C)(C)C,2.51,C C ( C ) ( C ) C
622,CCCC#C,0.01,C C C C # C
623,c1ccc2c(c1)C(=O)NC2=O,-9.61,c 1 c c c 2 c ( c 1 ) C ( = O ) N C 2 = O
624,CCCCI,-0.25,C C C C I
625,Cc1ccc(cc1)O,-6.13,C c 1 c c c ( c c 1 ) O
626,CC(C)I,-0.46,C C ( C ) I
627,COc1ccccc1O,-5.94,C O c 1 c c c c c 1 O
628,C1CC=CC1,0.56,C 1 C C = C C 1
629,C[C@H](C(F)(F)F)O,-4.2,C [ C @ H ] ( C ( F ) ( F ) F ) O
630,CCCN,-4.39,C C C N
631,c1ccc(c(c1)[N+](=O)[O-])O,-4.58,c 1 c c c ( c ( c 1 ) [ N+ ] ( = O ) [ O- ] ) O
632,Cc1cccc2c1cccc2,-2.44,C c 1 c c c c 2 c 1 c c c c 2
633,c1(c(c(c(c(c1Cl)Cl)Cl)Cl)Cl)Cl,-2.33,c 1 ( c ( c ( c ( c ( c 1 Cl ) Cl ) Cl ) Cl ) Cl ) Cl
634,CCCCC/C=C/C=O,-3.43,C C C C C / C = C / C = O
635,CCCCCCC#C,0.71,C C C C C C C # C
636,CCOP(=S)(OCC)Oc1cc(nc(n1)C(C)C)C,-6.48,C C O P ( = S ) ( O C C ) O c 1 c c ( n c ( n 1 ) C ( C ) C ) C
637,CCCCCCCC(=O)OC,-2.04,C C C C C C C C ( = O ) O C
638,C1CCNC1,-5.48,C 1 C C N C 1
639,c1cc(ccc1C=O)O,-8.83,c 1 c c ( c c c 1 C = O ) O
640,CCCCCCCCl,0.29,C C C C C C C Cl
641,C1COCCO1,-5.06,C 1 C O C C O 1
